Id,SalePrice
1461,-549082.2684463607
1462,-507206.9836053429
1463,-494070.1187906163
1464,-490177.1733215016
1465,-442927.84668837115
1466,-504237.069946944
1467,-488643.8855840715
1468,-516393.49688880146
1469,-462074.543178895
1470,-566537.0321403404
1471,-490399.99092212296
1472,-573225.0716860588
1473,-574096.2240324067
1474,-525336.2771665074
1475,-562330.5825386317
1476,-318577.55494582374
1477,-387852.5965415735
1478,-367690.3478431483
1479,-364143.1869354169
1480,-192785.72331833513
1481,-359896.79966999474
1482,-453442.202503443
1483,-494996.7088788345
1484,-505124.5281095491
1485,-486135.7686129224
1486,-474175.7873466299
1487,-350764.4761638276
1488,-443729.5094771036
1489,-456618.2335233947
1490,-425319.0181503559
1491,-465379.1885874339
1492,-583196.8239601755
1493,-457911.7344105386
1494,-321469.27471274766
1495,-387131.63391476404
1496,-433817.34172119456
1497,-497695.932475806
1498,-498891.63178716577
1499,-514518.1989934468
1500,-525187.0227488328
1501,-473279.9749891232
1502,-539112.4969029387
1503,-336957.9251551244
1504,-427907.68049006956
1505,-442668.4299310066
1506,-482779.6530080114
1507,-406091.41382877016
1508,-464046.64005264896
1509,-519631.45611564885
1510,-524190.10259285336
1511,-506785.6958181837
1512,-483174.17411772977
1513,-519820.5950842337
1514,-483542.3019001866
1515,-463679.39850465674
1516,-527837.1796267068
1517,-503188.4964800852
1518,-563252.2098142689
1519,-435335.5042535395
1520,-536699.1403064011
1521,-534775.5367065719
1522,-480116.8110215098
1523,-571074.7064724455
1524,-568298.7401242387
1525,-558746.4815552253
1526,-556932.2378764127
1527,-577907.4673274071
1528,-547810.4238665891
1529,-509937.51379321027
1530,-454520.4117800738
1531,-526883.050251812
1532,-561717.8739969342
1533,-497392.4535263381
1534,-547740.8531621115
1535,-519448.0274076299
1536,-572867.9917322635
1537,-618904.1941631564
1538,-522337.8061963017
1539,-455860.3300859181
1540,-554426.7293157631
1541,-529801.8895270021
1542,-504529.91456933273
1543,-468222.3051061814
1544,-583885.3280776835
1545,-547084.9359571298
1546,-521711.8386361173
1547,-512426.18465777487
1548,-512659.7386410823
1549,-530866.7921638303
1550,-525543.4934047235
1551,-552695.8628095663
1552,-518077.64831154654
1553,-499567.1760990382
1554,-557490.356999846
1555,-500327.25127533707
1556,-585637.3116055359
1557,-543171.8105432608
1558,-577173.4361565299
1559,-609461.263987757
1560,-530951.0327708223
1561,111242.8238420675
1562,-538912.0551309029
1563,-546679.3145666339
1564,-506880.74808630534
1565,-529378.9247868494
1566,-419147.2763432795
1567,-615041.7347179078
1568,-433913.0093836093
1569,-553800.0123347412
1570,-540702.6032138576
1571,-567730.4050119296
1572,-526038.3598918715
1573,-384670.15554261603
1574,-528922.5401467741
1575,-435048.38895465643
1576,-421442.637386102
1577,-487175.8731968466
1578,-542433.394611821
1579,-522577.6278659678
1580,-476567.44730444485
1581,-515190.86456398666
1582,-541382.3653246453
1583,-364025.48321331525
1584,-445620.4079836225
1585,-532402.0935480804
1586,-620679.9824728307
1587,-568005.1021813878
1588,-502786.6221446134
1589,-570109.5962584526
1590,-536504.4821122752
1591,-569044.6467777295
1592,-548317.0021706426
1593,-546937.4621515735
1594,164927.00239009387
1595,-549422.1437341401
1596,-426930.36629347526
1597,-484062.3017211554
1598,-463171.1283510863
1599,-470522.27600309555
1600,-486612.3175919007
1601,-615055.9853421252
1602,-529863.9102912438
1603,-620020.4331604382
1604,-395639.9008664859
1605,-433318.1917186468
1606,-510427.38070324296
1607,-501530.5846939306
1608,-473459.3573819066
1609,-468155.72272069077
1610,-523125.7714086883
1611,-542085.8357378733
1612,-485693.532966912
1613,-508712.0104029628
1614,-539040.3303326056
1615,-585389.5968300451
1616,-604699.3319569905
1617,-592976.1683927262
1618,-549916.3396277346
1619,-524080.1253135437
1620,-493309.9582841424
1621,-531399.3991934068
1622,-532008.2565569223
1623,-406895.1887449359
1624,-451823.8229455962
1625,-549084.9384039035
1626,-498932.8042274399
1627,-485937.70342956716
1628,-398365.5454674477
1629,-502009.99976801034
1630,-301972.734978399
1631,-408355.2864481674
1632,-412402.46337863454
1633,-495126.5323450619
1634,-492717.50727803446
1635,-497049.223697786
1636,-529567.3615153648
1637,-474061.687197017
1638,-489146.6782899499
1639,-495001.9750059806
1640,-427381.8753739679
1641,-499354.17008657777
1642,-422996.0260412707
1643,-450873.2623335244
1644,-447319.61071913317
1645,-420287.15180402086
1646,-517678.3655203928
1647,-529712.706592351
1648,-543657.2153014347
1649,-539348.4384086647
1650,-560253.449641722
1651,-564620.3838546099
1652,-573617.8832758609
1653,-571346.9452711507
1654,-521067.56201473717
1655,-537064.5977199827
1656,-529378.3170830554
1657,-515477.7438196819
1658,-520820.94965490745
1659,-546911.9587609251
1660,-528316.7050350183
1661,-245922.12078245496
1662,-296202.24370854907
1663,-304107.5714609951
1664,-162442.39113492193
1665,-366202.2371639868
1666,-348817.08579508495
1667,-310225.4894734307
1668,-340988.2760251807
1669,-367213.3142880907
1670,-330612.52738800994
1671,-372080.24945046566
1672,-260588.71146403626
1673,-362399.6255519036
1674,-401066.76135013555
1675,-449933.78608006216
1676,-451128.42144575086
1677,-443149.6104506885
1678,-197615.37154730223
1679,-297583.087903779
1680,-355902.6957032643
1681,-416659.3641124079
1682,-348933.784560123
1683,-469165.45267410506
1684,-497423.11098761763
1685,-495369.0409107902
1686,-511178.42546328856
1687,-501406.8402076748
1688,-483822.84115847317
1689,-480311.640447245
1690,-476802.5023396439
1691,-488490.97406714223
1692,-429874.5743987686
1693,-485498.13721628324
1694,-497518.2053650054
1695,-503632.3320508965
1696,-407111.3233299365
1697,-503356.8692101862
1698,-323719.75027869246
1699,-335037.726553645
1700,-407588.9496351273
1701,-387578.74724731594
1702,-423682.9157409372
1703,-438440.69799337536
1704,-392814.0123610345
1705,-433233.7502969138
1706,-500001.9576521993
1707,-447236.64819078264
1708,-456962.99570727325
1709,-411155.7265160328
1710,-448585.7923873479
1711,-417619.4716193578
1712,-410188.8405376957
1713,-401004.2390650904
1714,-448630.6653236777
1715,-457433.2005677228
1716,-481550.2770857669
1717,-499490.49585784436
1718,-521601.82918936503
1719,-445213.6445482308
1720,232564.9445395486
1721,-514610.0420172105
1722,-550989.7339833782
1723,-523561.1589299401
1724,-450218.78917876305
1725,-428780.24972029985
1726,-491538.74169415026
1727,-485019.8469137079
1728,-513726.03226253716
1729,-502215.1300410314
1730,-510609.56076371367
1731,-552073.0846440056
1732,-542982.2177475393
1733,-549639.7092641203
1734,-533735.2244583752
1735,-560669.8669015437
1736,-577993.7905319808
1737,-361588.8111275723
1738,-417176.37439908204
1739,-413669.2485205564
1740,-446467.30124420836
1741,-473459.9202805909
1742,-499812.4290741347
1743,-501445.17033545766
1744,-353270.1051649614
1745,-416505.44287553616
1746,-489968.2899706601
1747,-442935.27273265854
1748,-447989.46954708896
1749,-531636.8266179655
1750,-542899.5406349902
1751,-425977.7507359069
1752,-560927.754785351
1753,-517997.3954907886
1754,-481172.8587078315
1755,-510541.5277747838
1756,-521606.37179011246
1757,-556808.2644546493
1758,-533624.1319272476
1759,-516429.89054144453
1760,-502810.4863405628
1761,-508660.21415745164
1762,-497131.6018723098
1763,-496592.44867736264
1764,-564266.2158353943
1765,-485383.0369730785
1766,-472248.94298157515
1767,-431477.1765283211
1768,-527117.462873647
1769,-515281.66113485233
1770,-509223.75890445197
1771,-547207.1152474384
1772,-536619.0367890464
1773,-568037.5169131001
1774,-510557.3484588079
1775,-522376.207325228
1776,-538988.653661798
1777,-575499.7430865755
1778,-518711.8343262179
1779,-532677.902177627
1780,-527566.0515097119
1781,-551785.2951237736
1782,-603216.2445681214
1783,-542840.2164940035
1784,-587997.7839176615
1785,-545488.1107746069
1786,-536354.1586901196
1787,-524803.272835433
1788,-637094.1627595213
1789,-567213.4599068225
1790,-618550.0277750983
1791,-479044.5708216983
1792,-505017.1650433347
1793,-533244.4469742512
1794,-494046.90040616575
1795,-540206.5052197066
1796,150487.0327167043
1797,-542606.1056767383
1798,-540506.7803800451
1799,-576409.074189024
1800,-542265.9721850958
1801,-562529.3672228686
1802,-555935.8991997798
1803,-519984.84116302663
1804,-547064.3632723889
1805,-529072.3943389023
1806,-525836.8125089107
1807,-523200.0902590621
1808,-555267.153537313
1809,-543389.6079244411
1810,-528496.0264979759
1811,-601559.2606357413
1812,-566365.8004713636
1813,-536829.0067054213
1814,-574776.3198839664
1815,-629683.4098400592
1816,-569604.519095357
1817,-564902.6026096519
1818,-521915.0461872753
1819,-556957.2037901804
1820,-633212.6359385632
1821,-589609.5325704687
1822,-521965.91233898187
1823,-652940.0439982496
1824,-537746.1633965031
1825,-535176.9679984348
1826,-573667.2805248876
1827,-565333.8149709061
1828,-511832.780080999
1829,-525774.1449908451
1830,-508368.9486669947
1831,-524446.1488666981
1832,-592520.2297866996
1833,-528571.2307412103
1834,-554907.3946743186
1835,-526842.0446147954
1836,-543522.3322332341
1837,-549445.8456275112
1838,-553096.3418096565
1839,-589155.9913226666
1840,-501097.94589011907
1841,-546388.1519072393
1842,-583466.3195263008
1843,-525360.0507128364
1844,-533922.5677581823
1845,-531977.3130137215
1846,-514226.0651411526
1847,-510425.38984030206
1848,-637645.4281120189
1849,-579304.2575505353
1850,-548510.4948605236
1851,-520474.45980693377
1852,-564628.2140037566
1853,-557798.2468344618
1854,-503768.57396170124
1855,-518284.2271266177
1856,-460034.13429652713
1857,-577267.9150043407
1858,-523006.4210004704
1859,-550289.4059588483
1860,-507534.16902429704
1861,-551287.4861187583
1862,-405927.9820286494
1863,-416862.14793088776
1864,-416848.63266436406
1865,-338929.0886564136
1866,-369772.03625601693
1867,-450188.27211038745
1868,-375318.4224182896
1869,-454044.2562828448
1870,-443921.0490537174
1871,-436390.86514484487
1872,-494007.0450231116
1873,-400730.75713697355
1874,-533790.3363250482
1875,-484471.26238595764
1876,-479001.7664789611
1877,-456807.465606282
1878,-471794.30895843194
1879,-534468.0869562805
1880,-543921.4122732726
1881,-416183.61387921986
1882,-426300.91504909215
1883,-484849.21315414086
1884,-469685.4719652743
1885,-459750.03564861044
1886,-398160.1319318332
1887,-444611.0309817558
1888,-400067.9899326428
1889,-507115.15410808334
1890,-555021.4167032402
1891,-586988.3321130555
1892,-561579.624514668
1893,-541455.6206336375
1894,-554368.6070274296
1895,-526952.6471590439
1896,-545836.355453155
1897,-523336.1392427159
1898,-573678.0819771746
1899,-523880.55043107574
1900,-513487.6887272333
1901,-472030.1081425743
1902,-491392.4394298657
1903,-445788.5362779102
1904,-521235.7279346839
1905,-479243.9657454982
1906,-552470.6203955321
1907,-428595.43157516373
1908,-570033.2048345592
1909,-534309.911919083
1910,-556646.9884659506
1911,-453976.84451962984
1912,-358192.3198632635
1913,-505941.8568817114
1914,-622973.2255619138
1915,-351878.7566060375
1916,-661524.9497934617
1917,-418810.05410580523
1918,-543198.1387845022
1919,-497650.1027742289
1920,-507233.9748991395
1921,-310195.0359788409
1922,-348612.0807466507
1923,-432665.2323131345
1924,-437468.7285871508
1925,-458000.8318656001
1926,-305173.77139734826
1927,-539904.5609064272
1928,-509973.1814716442
1929,-546024.6326022164
1930,-552982.3952631052
1931,-526966.6827301166
1932,-538723.2638652876
1933,-489145.67836393905
1934,-495046.0724616344
1935,-508404.01649753214
1936,-476048.93089805543
1937,-504605.0611950245
1938,-501938.52306096256
1939,-374228.6594599176
1940,-447786.9725155607
1941,-508220.03372777835
1942,-517858.641819126
1943,-427933.89580547763
1944,-324610.7785907928
1945,-285454.08302235976
1946,-528056.0379806035
1947,-569156.5412217907
1948,-512125.0428054014
1949,-448167.6200268222
1950,-482742.4352731642
1951,-402238.92738470086
1952,-446866.6469277197
1953,-477105.7686577549
1954,-486222.1725885235
1955,-534053.0252078611
1956,292119.72260076064
1957,-527290.12138925
1958,-420646.8824590028
1959,-539681.8444102623
1960,-578366.1442802132
1961,-548489.7587602199
1962,-574880.8610292859
1963,-559010.2771888389
1964,-572368.3564692154
1965,-529088.4540554117
1966,-533717.6190666454
1967,-346986.6646791685
1968,-273464.4343094479
1969,-300807.3724501105
1970,-285435.0213856087
1971,-235275.28335354454
1972,-290437.3821460635
1973,-373161.05552146304
1974,-344565.2825114797
1975,-75154.2536754685
1976,-365403.49122708244
1977,-288103.85104916734
1978,-332150.8917472942
1979,-358904.59916310664
1980,-462320.85799331614
1981,-329150.6658969689
1982,-439529.2769804122
1983,-455527.79685970536
1984,-485633.8235074342
1985,-442875.24964238796
1986,-449467.4521571854
1987,-460854.44129636
1988,-498138.6085253712
1989,-478677.7883195253
1990,-458773.3333257104
1991,-427561.77755441866
1992,-438339.55473613855
1993,-500917.6215286921
1994,-434299.70036601275
1995,-490016.03749599494
1996,-370755.6019063152
1997,-377808.3414281185
1998,-341283.45125845866
1999,-360890.92027725466
2000,-342730.8077557299
2001,285290.4413158179
2002,-426559.51740531716
2003,-427551.6491576745
2004,-379242.25938877
2005,-457798.3659525283
2006,-446077.00459462753
2007,-424030.49805181846
2008,-417601.867829202
2009,-473906.8422641074
2010,-473396.8345345848
2011,-547634.8777774088
2012,-493943.27064817795
2013,-495294.8870441795
2014,-488164.9088103571
2015,-459102.1143774232
2016,-476624.64664728567
2017,-476906.0252858226
2018,-579378.8983035414
2019,-534660.5850058403
2020,-568274.809153097
2021,-573148.8421645709
2022,-419709.1088828803
2023,-539115.8619789614
2024,-370732.3710006713
2025,-311062.670746529
2026,-499843.6146155002
2027,-515324.6468209585
2028,-515370.37087540096
2029,-507514.26417131163
2030,-421966.25567480735
2031,-442355.7090508663
2032,-439972.461978507
2033,-434715.5317662298
2034,-498621.409664833
2035,-448016.2366846225
2036,-470282.5087079236
2037,-454904.45507926634
2038,-382549.29039481026
2039,-427373.1186941068
2040,-327786.96297977446
2041,-369307.6023173984
2042,-460799.3252251949
2043,-491381.0112531916
2044,-498614.8963937168
2045,-469845.89256421337
2046,-526847.7282839592
2047,-536133.627391781
2048,-536690.4676444351
2049,-542984.8266335006
2050,-509607.0287451297
2051,-561088.6323815419
2052,-569902.8665415174
2053,-531250.0811986965
2054,-569782.6391118108
2055,-513081.88463469874
2056,-546638.1075660775
2057,-575874.6524151973
2058,-461008.3793281929
2059,-540142.3010266861
2060,-482483.7976034188
2061,-501096.71154981665
2062,-546744.7532747621
2063,-568856.0780942445
2064,-530544.7509104437
2065,-549616.4114107022
2066,-518596.2232579668
2067,-597887.3905496555
2068,-532334.2018432554
2069,-584252.2725712634
2070,-573939.3386685259
2071,-579132.7280806873
2072,-537230.4059772803
2073,-551695.6155154172
2074,162730.81907985942
2075,-516499.2237716941
2076,-553878.4717285621
2077,-502815.73602055595
2078,-554166.2914968631
2079,-548721.8770518899
2080,-561754.8882712065
2081,-549884.361054844
2082,-540539.0169244572
2083,-523997.0773417298
2084,-574463.2678873714
2085,-565113.105440523
2086,-566991.5254692631
2087,-565174.9552409751
2088,-568048.0244587928
2089,-607320.9040617803
2090,-538768.5666662869
2091,-555757.7097060678
2092,-541356.5103399807
2093,-545733.1355412409
2094,-540348.1160513039
2095,-499777.923549199
2096,-593982.7298519558
2097,-574787.4206545064
2098,-519831.10177909886
2099,-645432.7824210022
2100,-635468.1535161946
2101,-551771.9193495135
2102,-547522.796400355
2103,-586750.6436154516
2104,-526576.7488502231
2105,-530449.0203528653
2106,-637249.3647824656
2107,-478619.8192901786
2108,-555993.7609835695
2109,-562124.3437315524
2110,-531398.0678511816
2111,-485455.3261448622
2112,-531834.4506848194
2113,-546356.8786668587
2114,-557505.4504419698
2115,-496639.6450441191
2116,-527565.8249874101
2117,-505150.8994889399
2118,-548686.1874905066
2119,-553000.8338379625
2120,-571915.2268323945
2121,-563249.9261657102
2122,-547972.8172662973
2123,-598511.5574193371
2124,-495957.05560629163
2125,-540908.7721605285
2126,-513788.552227207
2127,-492248.1622527437
2128,-518944.4489524658
2129,-588536.2558201293
2130,-530576.5578619351
2131,-531955.335831706
2132,-539617.1667181177
2133,-546824.0317908628
2134,-550447.328876667
2135,-561890.1345336263
2136,-601008.8711348588
2137,-571459.3910337437
2138,-533953.8666622483
2139,-526548.5070333956
2140,-524259.7523395186
2141,-493468.82923800685
2142,-540213.3273530803
2143,-513298.98878749553
2144,-505571.69115578546
2145,-534783.6190546271
2146,-496986.5591309299
2147,156421.74954966572
2148,-526698.9262340115
2149,-501629.79762930097
2150,-441064.5949057995
2151,-548289.9179653684
2152,199475.76260141912
2153,-465671.464886111
2154,-564127.7720120309
2155,-523851.1421033924
2156,-390477.3666945589
2157,-432087.9803718657
2158,-435260.94245421374
2159,-446097.79180962616
2160,-479372.79781285534
2161,-435824.46438701707
2162,-288623.2862264742
2163,-337583.9672431059
2164,-428497.25946170837
2165,195058.25958843692
2166,-522599.2639865803
2167,-449943.850991867
2168,-480570.0837704276
2169,-475079.5724498674
2170,-455462.9672234568
2171,-523684.7163769405
2172,-536096.2461391981
2173,-519724.3240170707
2174,-444757.67671143427
2175,-390944.8719590709
2176,-376210.54401842086
2177,-424337.72352817794
2178,-452495.52875330416
2179,-538516.5952027491
2180,-457044.3859108642
2181,-482487.9797784819
2182,-455547.7735419844
2183,-478026.11739039724
2184,-547331.4744277457
2185,-572232.9710991797
2186,-486918.50277847145
2187,-512200.341555143
2188,-516907.01937691914
2189,-401938.1139617532
2190,-599453.1299613984
2191,-598352.2888483733
2192,-562465.5942585107
2193,-549464.3992868431
2194,-552379.0005974509
2195,-561100.199058471
2196,-566299.1617592555
2197,-560456.0627443704
2198,-521801.4026671618
2199,-502916.7638659659
2200,-513153.4777346279
2201,-521806.5243582672
2202,-483203.7669657322
2203,-523730.5185546507
2204,-493043.6301666186
2205,-539360.8805281848
2206,-526142.717172049
2207,-406702.32899958733
2208,-424953.1605122322
2209,-418620.285258987
2210,-552848.2613197637
2211,-553627.5647428865
2212,-561985.5642291391
2213,-551793.7457276292
2214,-527753.6518591782
2215,-571194.9461402663
2216,-515343.955831161
2217,-611494.3042426356
2218,-627734.2376156093
2219,-646221.8007798281
2220,-647616.2238164649
2221,-351917.52664906834
2222,-385220.68179499195
2223,-397938.7549653561
2224,-460726.18072767137
2225,-585372.9367146345
2226,-480570.4092206792
2227,-477045.23489082744
2228,-384310.2006021498
2229,-402389.13627764024
2230,-517987.24770865426
2231,-442912.142854495
2232,-493321.80004284205
2233,-486503.00649861246
2234,-424156.2408976308
2235,-442239.80965034966
2236,-397400.62598211854
2237,-358287.9997850489
2238,-469940.1721387224
2239,-543960.8916654335
2240,-535237.6754970024
2241,-517603.53198004584
2242,-540437.0315399498
2243,-551138.4092993333
2244,-568768.8466562147
2245,-550610.4087552214
2246,-537951.1503934027
2247,-548785.0652728544
2248,-559369.2138092476
2249,-558547.9870276148
2250,-551454.2964169113
2251,-603981.5563739608
2252,-480357.3115948667
2253,-501369.2249752062
2254,-489942.78439703095
2255,-482268.0249812545
2256,-496687.4582132285
2257,-475245.35770943156
2258,-522572.4146867844
2259,-494942.69585855794
2260,-510193.77936135116
2261,-451105.3871062016
2262,-410660.52145677316
2263,-306977.41417519795
2264,-200560.2207384645
2265,-508132.9791177057
2266,-369480.6382389753
2267,-260170.82915800996
2268,-208997.7683167134
2269,-528732.6163033773
2270,-480024.40642442484
2271,-459317.00692469394
2272,211498.9745915651
2273,-520880.48758086865
2274,-494447.22780271154
2275,-498354.82852453715
2276,-475720.56265171804
2277,-489103.93902610894
2278,-525433.0096363816
2279,-579637.099336128
2280,-566386.2807153924
2281,-517398.90913994913
2282,-506258.77629525797
2283,-558560.7730468032
2284,-569725.3179300698
2285,-522848.90738213295
2286,-554940.9967260638
2287,-312512.8041511758
2288,-357779.91708536376
2289,-309025.92048848583
2290,-245370.38066261052
2291,-323994.0876749747
2292,-268371.6850299132
2293,-231826.79268181114
2294,-293990.44484703965
2295,-200221.81922923867
2296,-368163.9322680505
2297,-316751.192824292
2298,-316876.6794893362
2299,-310011.7536149665
2300,-336150.31392570003
2301,-347730.5115256305
2302,-385230.3716987688
2303,-402791.3171186927
2304,-387007.92852955265
2305,-438114.6059155881
2306,-449405.85349562694
2307,-448382.4681228257
2308,-433782.62292047683
2309,-390443.57988983626
2310,-445652.56522515276
2311,-450753.6689557822
2312,-479019.17547153425
2313,-501910.65458891634
2314,-483167.907200153
2315,-482460.41804466443
2316,-469229.7870210875
2317,-477547.0674125068
2318,-484227.026833178
2319,-483463.14428832056
2320,-484650.5230629761
2321,-433283.48522430426
2322,-457853.3009722461
2323,-480733.82960284106
2324,-492309.4688758701
2325,-448897.91691402183
2326,-496613.51044137334
2327,-475800.3265534679
2328,-452091.28101140587
2329,-488296.6733771353
2330,-496242.96094765933
2331,-319531.4417391715
2332,-301163.4688344656
2333,-350320.42548275786
2334,-401719.7508400392
2335,-389265.084313269
2336,-346819.5892098213
2337,-469657.6028195766
2338,-415729.9355777232
2339,-454498.94030792336
2340,-283461.9857122777
2341,-458454.13468580204
2342,-437290.3604512266
2343,-446012.32258950965
2344,-454502.372312173
2345,-439069.6090878756
2346,-452611.39585568034
2347,-457370.1216068177
2348,-414868.2038682974
2349,-476305.31525380467
2350,-375246.50652323663
2351,-402647.94626676873
2352,-424103.6965883621
2353,-411086.57726142206
2354,-507836.2976355052
2355,-518474.78274990455
2356,-527083.8998267995
2357,-475089.85812096857
2358,-471495.638623727
2359,-571188.9240624371
2360,-551717.9505867509
2361,-516279.061689507
2362,-387295.7713359874
2363,-550517.9277321242
2364,-487734.99235781305
2365,-463451.4482710974
2366,-480915.5383828904
2367,-460021.6469067277
2368,-466955.2732144075
2369,-457427.14106439636
2370,-510829.5418408427
2371,-522798.7185640896
2372,-458885.73289209395
2373,-362958.8906162302
2374,-346642.48092742404
2375,-422047.57059437665
2376,-361217.9044298504
2377,-298666.2097309865
2378,-514942.0312175846
2379,-447929.09265311365
2380,-521102.9140901638
2381,-496320.6771256251
2382,-462572.2661256804
2383,-475126.4666519989
2384,-430693.14484879444
2385,-513659.5766000026
2386,-546083.1676482626
2387,-542680.8766904701
2388,-573951.3018203767
2389,-540497.0518767028
2390,-503716.6787366073
2391,-519621.31090593524
2392,-548960.2316693598
2393,-493470.8314682564
2394,-543070.0134109363
2395,-470020.9839615908
2396,-540188.4139298254
2397,-454533.69616871607
2398,-549944.5971954246
2399,-608955.9811789896
2400,-619677.3542413479
2401,-538184.3349375178
2402,-540436.2459040496
2403,-539259.5340739363
2404,-538556.6379149337
2405,-511069.8080858709
2406,-523880.91304760193
2407,-548647.2691542162
2408,-522253.5205095317
2409,-559848.4871306152
2410,-485298.95667159
2411,-559541.096119649
2412,-513522.726399397
2413,-550649.5272041927
2414,-538790.5363159587
2415,-546249.3916834609
2416,-541600.1439768313
2417,-543516.1021784523
2418,-551167.4313152675
2419,-553162.5690597857
2420,-548937.0559537797
2421,-547112.4671567404
2422,-566823.1591410653
2423,-564970.6686544665
2424,-522264.97662280034
2425,-445473.712698295
2426,-531125.3774649163
2427,-525862.0258173447
2428,-492674.80602454464
2429,-582019.6794468868
2430,-539103.772895494
2431,-585113.544967795
2432,-517576.80186771066
2433,-509654.7469185232
2434,-518175.88383921375
2435,-491904.0050519607
2436,-560436.3925540571
2437,-571766.9505761517
2438,-565024.4682236318
2439,-567575.3284885548
2440,-539683.0102612074
2441,-570024.3113477221
2442,-583135.4670363115
2443,-535855.6666024064
2444,-529140.635483362
2445,-596109.7880424701
2446,-547476.4899199647
2447,-459735.38503483334
2448,-526123.4136459217
2449,-559066.5050961764
2450,-516226.8272032258
2451,-522393.37162870984
2452,-477133.4115648847
2453,-592880.019847665
2454,-552695.0975033217
2455,-543495.6152558737
2456,-498561.6031744098
2457,-518938.0759256908
2458,-514826.2575883744
2459,-556339.1398703165
2460,-522080.71683902945
2461,-542834.0072136116
2462,-545223.8261140459
2463,-535741.7651065246
2464,-481625.4749474339
2465,-513282.4405701377
2466,-570954.3466251013
2467,-540961.2034983635
2468,-576658.9968240538
2469,-583147.3628912263
2470,-474690.654128256
2471,-443660.9325350926
2472,-469849.41748796916
2473,-555875.660311958
2474,-605013.6901039772
2475,-457859.2058086537
2476,-567081.1032909707
2477,-544048.6621033568
2478,-519252.25641858205
2479,-577332.0161088707
2480,-515335.8831673383
2481,-536521.2209291833
2482,-555321.4340955939
2483,-565779.0499186271
2484,-537199.5496138195
2485,-556416.7159821556
2486,-513074.42836304195
2487,-492070.722493771
2488,-498618.3526438384
2489,-520335.5664663082
2490,-539569.1054438895
2491,-584741.4699377927
2492,-478822.2369448417
2493,-532409.3297633529
2494,-528217.489314321
2495,-613871.9870603066
2496,-439433.5997197365
2497,-508145.6949326624
2498,-550508.4438461517
2499,-584151.2415395624
2500,-570995.7697091023
2501,-538995.56788261
2502,-522134.0703148872
2503,-588502.6212817766
2504,-525913.116035474
2505,-441628.36058248696
2506,-415861.6530515102
2507,-366015.02046865295
2508,-414250.325739078
2509,-457754.0526568121
2510,-465909.9694877798
2511,-490285.7390073708
2512,-458645.21007012017
2513,-440368.27176387
2514,323494.5849878609
2515,-510759.36146314093
2516,-502347.708160297
2517,-532521.9637417982
2518,-527183.5203347185
2519,-430750.2067162879
2520,-446402.6714857009
2521,-476984.0751476772
2522,-452969.36693011806
2523,-553988.291815503
2524,-536727.0104846475
2525,-500221.0322096087
2526,-498663.5711324159
2527,-548418.1662962933
2528,-541428.9928798701
2529,-555521.3783187391
2530,-560166.5870986425
2531,-413608.15567998705
2532,-449611.1434769309
2533,-474919.52794319834
2534,-429492.46932175313
2535,-392435.3524074971
2536,-439857.8477805082
2537,-416162.9072684529
2538,-473039.03317336924
2539,-479287.6544860776
2540,-486300.7049579702
2541,-491107.9570639408
2542,-507251.7088027927
2543,-561277.8021920822
2544,-557950.7009404174
2545,-540952.359801216
2546,-542687.3112270408
2547,-507520.4433255554
2548,-514749.13998019183
2549,-520114.4948790446
2550,21297.89069771138
2551,-542619.6198615392
2552,-555948.7019107877
2553,-626090.9472985798
2554,-593504.8418379691
2555,-580971.062841672
2556,-579129.0315703782
2557,-565021.761812822
2558,-489498.91691944445
2559,-518146.738871349
2560,-503771.2559898454
2561,-527575.5659028648
2562,-510291.2210616893
2563,-530316.938914641
2564,-486410.2017155406
2565,-521579.3376492285
2566,-513253.6674681599
2567,-520066.0102903503
2568,-455023.3916759405
2569,-419979.9186528474
2570,-565802.1691546005
2571,-475740.23495430057
2572,-510566.42555807275
2573,-437953.33714818
2574,-309167.85534410435
2575,-524332.1984866767
2576,-521559.58069428755
2577,-476129.2514989502
2578,-596249.8575382202
2579,-651464.412754098
2580,-581079.557040123
2581,-550164.0245017419
2582,-524645.1814052709
2583,-360659.25942952815
2584,-487022.1891972944
2585,-494685.5371646532
2586,-437207.3281677307
2587,-461364.0365885785
2588,-537080.4700842672
2589,-523483.1539342152
2590,-466896.5709325068
2591,-440868.25993958605
2592,-432072.2550670027
2593,-387230.5846396077
2594,-491067.9211608574
2595,-467675.6114879763
2596,-369549.03986022016
2597,-486101.9439143068
2598,-399119.66083124815
2599,-295290.304845246
2600,-545775.2990324693
2601,-581482.5242805169
2602,-610707.6783341623
2603,-574833.7777698473
2604,-586861.01834558
2605,-613572.2905542173
2606,-531172.9893003763
2607,-474677.6579511722
2608,-475657.8919744496
2609,-512740.6415536406
2610,-557395.1853136693
2611,-511511.7151420817
2612,-513221.4737660452
2613,-546984.6314278294
2614,-574210.0734955491
2615,-519082.65007088496
2616,-503865.93992298376
2617,-466744.5917122259
2618,-418135.8536079405
2619,-466580.9966983681
2620,-500189.13193893153
2621,-500473.9471220856
2622,-492307.2359184695
2623,-426920.8117188986
2624,-369897.94104420184
2625,-349441.77994327806
2626,-507493.16958469176
2627,-493851.25146945217
2628,-210936.452047433
2629,-190737.19078326435
2630,-286218.8419722917
2631,-226931.61251985328
2632,-257859.18977690046
2633,-355160.7684719721
2634,-261983.33345880127
2635,-546220.2390150335
2636,-510373.68217138853
2637,-493780.4988645173
2638,-385217.7312318864
2639,-480942.81846320326
2640,-526439.7797469795
2641,-581153.6311432396
2642,-503014.88033911143
2643,-568465.1666713331
2644,-547949.7189617425
2645,-567643.9563539028
2646,-579525.8367369971
2647,-567185.2152859662
2648,-520268.76259913226
2649,-526011.2289416124
2650,-540436.9175099116
2651,-537517.1493617699
2652,-289258.23014827585
2653,-397335.79021185776
2654,-390978.3076198555
2655,-267414.85496267816
2656,-327467.1656174392
2657,-318936.5946652356
2658,-338868.8386557172
2659,-338569.64738426683
2660,-309921.43960466865
2661,-305598.07053975714
2662,-302781.2611933714
2663,-371537.3983493622
2664,-403960.4220381309
2665,-355930.1186275105
2666,-386146.9506055596
2667,-481280.07771067135
2668,-473400.37827609107
2669,-473871.35060132877
2670,-394609.2127969407
2671,-473902.2382789119
2672,-475190.46854129946
2673,-468704.5326825124
2674,-463936.20849339385
2675,-489690.71106262365
2676,-479535.4098945274
2677,-466252.528574524
2678,-444769.7707276186
2679,-395962.6842370911
2680,-382472.15198732424
2681,-283495.2674146544
2682,-354257.0484908095
2683,-220232.8352090607
2684,-350544.2530206407
2685,-303410.51527673076
2686,-399534.43493663846
2687,-372940.8871566111
2688,-459134.99206836475
2689,-455497.2813738382
2690,-309935.12773175305
2691,-468739.1312125032
2692,-518203.0235951904
2693,-459336.9533349448
2694,-522480.969023071
2695,-473713.8291238474
2696,-485407.8261438522
2697,-482600.0397413997
2698,-452714.315490389
2699,-515564.87394437613
2700,-542139.4954963676
2701,-540822.5036841794
2702,-576824.9496317953
2703,-574920.2027329658
2704,-519045.4538020429
2705,-546161.2695861016
2706,-601688.5142601978
2707,-566047.09116515
2708,-528296.0761612442
2709,-547015.3960568414
2710,-535091.9965677853
2711,-308252.2236186885
2712,-220277.46510193148
2713,-500238.6287208309
2714,-526432.3279142096
2715,-502492.8026395184
2716,-543474.330368682
2717,-459289.6618265058
2718,-435298.10575098055
2719,-515094.78640260966
2720,-483561.06657228037
2721,-551098.2268411964
2722,-498207.923525064
2723,-525170.7390961726
2724,-561961.5878946818
2725,-551902.6948632447
2726,-519722.56940613454
2727,-459663.4932336621
2728,-501024.4565686763
2729,-538549.2745364737
2730,-527856.0129814763
2731,-547316.2570307013
2732,-535800.2591619082
2733,-519124.08610694436
2734,-534488.1361340005
2735,-539111.2858022682
2736,-544840.9296602942
2737,-558541.4412828798
2738,-556845.8727067022
2739,-521288.20006746077
2740,-534009.8221915518
2741,-532408.9979310413
2742,-516072.46463148086
2743,-500149.51908716327
2744,-509368.29180396395
2745,-525503.9784758498
2746,-546746.3281225313
2747,-530669.8312909966
2748,-564215.1349056668
2749,-536180.9484591386
2750,-558823.2852210002
2751,-542531.0714114723
2752,204624.9635527504
2753,-495776.5682949305
2754,-438090.09076875215
2755,-542885.4937858672
2756,-582390.8218756912
2757,-616226.7534522738
2758,-609492.3272785735
2759,-517643.5864722573
2760,-560820.7392341052
2761,-535416.9516087628
2762,-531363.239859774
2763,-491211.1095117482
2764,-517873.8713822323
2765,-404655.5176953487
2766,-549264.5702558935
2767,-599739.4967048261
2768,-530820.5329987677
2769,-526288.7953498005
2770,-528856.7913729008
2771,-580090.3023073603
2772,-561546.8094872276
2773,-508006.7892973183
2774,-517828.4421319207
2775,-536820.1865682185
2776,-524707.2626937358
2777,-518886.780656127
2778,-552156.017654896
2779,-541827.705219236
2780,-557628.1430795463
2781,-558083.1769185374
2782,-578956.0508131073
2783,-557937.154593945
2784,-530276.3045210049
2785,-533983.3978206115
2786,-632481.9441166818
2787,-555795.901567373
2788,-604744.9020718241
2789,-510607.70691733714
2790,-575480.2510894241
2791,-558678.6349148194
2792,-613020.1703424866
2793,-523705.1964808407
2794,-578786.6837662305
2795,-542297.6008765423
2796,-569503.3646104329
2797,-430626.84620938543
2798,-554138.5478028259
2799,-584267.031810916
2800,-601143.1416091877
2801,-573934.1874635548
2802,-551482.6248536981
2803,-493218.71685600025
2804,-552068.1283498725
2805,-562338.9417350912
2806,-598327.3659600206
2807,-484446.5776005662
2808,-510560.9248259736
2809,-543334.0804832985
2810,-551694.1646041884
2811,-503980.3638823384
2812,-489974.842867363
2813,-524215.81247263006
2814,-525699.6619809165
2815,-577422.8463952835
2816,208839.58798415004
2817,156514.3524617136
2818,-549819.6785352416
2819,-472078.6006684324
2820,-542766.3806286487
2821,-561194.5025081083
2822,-498154.72415912966
2823,-345918.19480100204
2824,-504787.62431134796
2825,-516638.31611466804
2826,-533436.8952234869
2827,-539501.1504868376
2828,-441750.4759887422
2829,-468688.087987473
2830,-432041.72394211404
2831,-477479.4373933929
2832,-412041.60812126216
2833,-381516.58538113395
2834,-432544.3006665581
2835,-454956.9293448576
2836,-464156.01497247606
2837,-496913.30590530066
2838,-533607.6735782579
2839,-505462.3517301127
2840,-464107.63018446346
2841,-467207.472167728
2842,-447172.6546358974
2843,-525148.3801626458
2844,-508426.5747440278
2845,-560407.8923496371
2846,-467914.30835715006
2847,-463421.0913126457
2848,-450766.7320066849
2849,-468368.6242575054
2850,-398041.88203091803
2851,-465208.04877300374
2852,-441244.17067870335
2853,-445144.83050549636
2854,-534497.6656414936
2855,-460398.2187024269
2856,-461576.9318396286
2857,-475410.14995953254
2858,-454463.6853557683
2859,-588070.6214869886
2860,151544.66267941915
2861,-524685.1482255345
2862,-469202.3287183007
2863,-518997.115951834
2864,-416772.9640234194
2865,-537103.8987585925
2866,-541044.3614215339
2867,-577647.1757882065
2868,-565789.8113173975
2869,-573883.1857437256
2870,-558762.277315018
2871,-599710.6290993097
2872,-646145.8874680814
2873,-600355.4551684004
2874,-540526.9303318118
2875,-542826.3615261177
2876,-514611.1964032552
2877,-519443.6871478963
2878,-512125.2292605506
2879,-514595.34849886363
2880,-572408.866526877
2881,-532756.519892216
2882,-462828.28075284185
2883,-473016.66671639076
2884,-459569.4801885837
2885,-506564.9945575907
2886,-418673.3616922775
2887,-555062.1050936994
2888,-526419.6040096108
2889,-636205.2670661958
2890,-605635.1363201742
2891,-516358.7219641246
2892,-646775.2811173105
2893,-616670.0590969336
2894,-647898.9155077401
2895,-336094.1250586042
2896,-382288.12291473406
2897,-476889.991592305
2898,-532038.3812977441
2899,-465496.96835913113
2900,-521675.8452634879
2901,221840.05325686536
2902,-500278.58210260584
2903,-369607.6574005161
2904,-341927.7610189002
2905,-645450.4931569144
2906,-482052.72271084064
2907,-561874.2516475671
2908,-569430.1135717758
2909,-539951.6895723601
2910,-597583.4939267186
2911,-597471.4256924945
2912,-527428.3147070168
2913,-610795.5051566781
2914,-604931.6188108607
2915,-593212.5148024873
2916,-600312.2131149906
2917,-503769.1238517
2918,-560096.0045876503
2919,-443052.69994617347
